<?xml version="1.0" encoding="UTF-8"?>
<rss version="2.0" xmlns:ror="http://rorweb.com/0.1/" >
<channel>
  <title>ROR Sitemap for https://www.mispriyagupta.com/</title>
  <link>https://www.mispriyagupta.com/</link>

<item>
     <link>https://www.mispriyagupta.com/</link>
     <title>Lucknow Escorts Service 8532879600 Cheap Escort in Lucknow</title>
     <description>Lucknow Escort 8532879600 to hire Cheap Escort Service in Lucknow from Lucknow escorts at affordable prices. Book best Lucknow Escort Service for hot sensual pleasure!</description>
     <ror:updatePeriod></ror:updatePeriod>
     <ror:sortOrder>0</ror:sortOrder>
     <ror:resourceOf>sitemap</ror:resourceOf>
</item>
<item>
     <link>https://www.mispriyagupta.com/lucknow-call-girl.html</link>
     <title>Call Girls in Lucknow 8532879600 Only Cashless Payment Accepted </title>
     <description>Lucknow call girls service only accepted cashless payment due to COVID 19 but now our team also accepted hard cash as well .For more info visit 8532879600</description>
     <ror:updatePeriod></ror:updatePeriod>
     <ror:sortOrder>1</ror:sortOrder>
     <ror:resourceOf>sitemap</ror:resourceOf>
</item>
<item>
     <link>https://www.mispriyagupta.com/dehradun-call-girls.html</link>
     <title>Call Girls in Dehradun 8375956337 Only Cashless Payment Accepted </title>
     <description>Dehradun call girls service only accepted cashless payment due to COVID 19 but now our team also accepted hard cash as well .For more info visit 8375956337</description>
     <ror:updatePeriod></ror:updatePeriod>
     <ror:sortOrder>1</ror:sortOrder>
     <ror:resourceOf>sitemap</ror:resourceOf>
</item>
<item>
     <link>https://www.mispriyagupta.com/dehradun-escorts-service.html</link>
     <title>Dehradun Escorts Service 0000000000 Cheap Escort in Dehradun</title>
     <description>Dehradun Escort 0000000000 to hire Cheap Escort Service in Dehradun from Dehradun escorts at affordable prices. Book best Dehradun Escort Service for hot sensual pleasure!</description>
     <ror:updatePeriod></ror:updatePeriod>
     <ror:sortOrder>1</ror:sortOrder>
     <ror:resourceOf>sitemap</ror:resourceOf>
</item>
<item>
     <link>https://www.mispriyagupta.com/agra-call-girls.html</link>
     <title>Call Girls in Agra 9997861035 Only Cashless Payment Accepted </title>
     <description>Agra call girls service only accepted cashless payment due to COVID 19 but now our team also accepted hard cash as well .For more info visit 9997861035</description>
     <ror:updatePeriod></ror:updatePeriod>
     <ror:sortOrder>1</ror:sortOrder>
     <ror:resourceOf>sitemap</ror:resourceOf>
</item>
<item>
     <link>https://www.mispriyagupta.com/call-girl-rate-in-lucknow.html</link>
     <title>Lucknow Call girls Cheap Rate | Low Cost Call Girls in Lucknow </title>
     <description>Call 8532879600,mis priyagupta Give Service in lucknow Call Girls cheap rate and Low Price Call Girls in Lucknow</description>
     <ror:updatePeriod></ror:updatePeriod>
     <ror:sortOrder>1</ror:sortOrder>
     <ror:resourceOf>sitemap</ror:resourceOf>
</item>
<item>
     <link>https://www.mispriyagupta.com/lucknow-call-girl-no.html</link>
     <title>Lucknow Call Girls Whatsapp no | Call girl for friendship whatsapp no</title>
     <description>Join Lucknow Call Girls Whatsapp group link to find real Call Girls whatsapp numbers 8532879600,Lucknow Call Girls Whatsapp Number or Hot Dating Call Girls no.</description>
     <ror:updatePeriod></ror:updatePeriod>
     <ror:sortOrder>1</ror:sortOrder>
     <ror:resourceOf>sitemap</ror:resourceOf>
</item>
<item>
     <link>https://www.mispriyagupta.com/gomti-nagar-escorts-call-girls-service.html</link>
     <title>Gomti Nagar Escorts Service 8532879600 Gomti Nagar Call Girls</title>
     <description>Call @ 8532879600 Gomti Nagar Escorts We are Provide high quality virgin Call Girls in Gomti Nagar. Find Gomti Nagar Call Girls Service at affordable rates.</description>
     <ror:updatePeriod></ror:updatePeriod>
     <ror:sortOrder>1</ror:sortOrder>
     <ror:resourceOf>sitemap</ror:resourceOf>
</item>
<item>
     <link>https://www.mispriyagupta.com/charbagh-escorts-call-girls-service.html</link>
     <title>Charbagh Escorts 8532879600 Charbagh Call Girls Service 24*7</title>
     <description>8532879600 Charbagh Call Girls are ready to serve in all Hotels. Charbagh Escorts Service will help you to meet your physical desire with Call Girls in Charbagh</description>
     <ror:updatePeriod></ror:updatePeriod>
     <ror:sortOrder>1</ror:sortOrder>
     <ror:resourceOf>sitemap</ror:resourceOf>
</item>
<item>
     <link>https://www.mispriyagupta.com/college-escorts-call-girl-in-lucknow.html</link>
     <title>College Girls Escorts in Lucknow, College Girls Call Girls in Lucknow</title>
     <description>Call 8532879600,Hi I am Priya gupta Lucknow Escorts We are Provide College Girls Escorts in Lucknow,Or Independent College Girls Call Girls in Lucknow in Five Star Hotel</description>
     <ror:updatePeriod></ror:updatePeriod>
     <ror:sortOrder>1</ror:sortOrder>
     <ror:resourceOf>sitemap</ror:resourceOf>
</item>
<item>
     <link>https://www.mispriyagupta.com/desi-escorts-call-girl-in-lucknow.html</link>
     <title>Desi Escorts in Lucknow, Desi Call Girls in Lucknow</title>
     <description>Call 8532879600,Hi I am Priya gupta Lucknow Escorts We are Provide Desi Escorts in Lucknow,Or Independent Desi Call Girls in Lucknow in Five Star Hotel</description>
     <ror:updatePeriod></ror:updatePeriod>
     <ror:sortOrder>1</ror:sortOrder>
     <ror:resourceOf>sitemap</ror:resourceOf>
</item>
<item>
     <link>https://www.mispriyagupta.com/aishbagh-escorts-call-girl-service.html</link>
     <title>Aishbagh Escorts Service | Aishbagh Call Girls | Call Girls in Aishbagh</title>
     <description>Call 8532879600,Hi I am Priya gupta Aishbagh Escorts We are Provide College Girls Escorts in Aishbagh,Or Independent Call Girls in Aishbagh in Hotel Aishbagh Escorts Service or Aliganj Call Girls</description>
     <ror:updatePeriod></ror:updatePeriod>
     <ror:sortOrder>1</ror:sortOrder>
     <ror:resourceOf>sitemap</ror:resourceOf>
</item>
<item>
     <link>https://www.mispriyagupta.com/alambagh-escorts-call-girls-service.html</link>
     <title>Alambagh Escorts Service | Alambagh Call Girls | Call Girls in Alambagh </title>
     <description>Call 8532879600,Hi I am Priya gupta Alambagh  Escorts We are Provide College Girls Escorts in Alambagh,Or Independent Call Girls in Alambagh in Hotel Alambagh Escorts Service or Alambagh Call Girls</description>
     <ror:updatePeriod></ror:updatePeriod>
     <ror:sortOrder>1</ror:sortOrder>
     <ror:resourceOf>sitemap</ror:resourceOf>
</item>
<item>
     <link>https://www.mispriyagupta.com/hyderabad-call-girls.html</link>
     <title>Call Girls in Hyderabad 8532879600 Only Cashless Payment Accepted </title>
     <description>Hyderabad call girls service only accepted cashless payment due to COVID 19 but now our team also accepted hard cash as well .For more info visit 8532879600</description>
     <ror:updatePeriod></ror:updatePeriod>
     <ror:sortOrder>1</ror:sortOrder>
     <ror:resourceOf>sitemap</ror:resourceOf>
</item>
<item>
     <link>https://www.mispriyagupta.com/aminabad-escorts-call-girls-service.html</link>
     <title>Aminabad Escorts Service | Aminabad Call Girls | Call Girls in Aminabad </title>
     <description>Call 8532879600,Hi I am Priya gupta Aminabad  Escorts We are Provide College Girls Escorts in Aminabad,Or Independent Call Girls in Aminabad in Hotel Aminabad Escorts Service or Aminabad Call Girls</description>
     <ror:updatePeriod></ror:updatePeriod>
     <ror:sortOrder>1</ror:sortOrder>
     <ror:resourceOf>sitemap</ror:resourceOf>
</item>
<item>
     <link>https://www.mispriyagupta.com/hazratganj-escorts-call-girls-service.html</link>
     <title>Hazratganj Escorts Service | Hazratganj Call Girls | Call Girls in Hazratganj </title>
     <description>Call 8532879600,Hi I am Priya gupta Hazratganj Escorts We are Provide College Girls Escorts in Hazratganj, Or Independent Call Girls in Hazratganj in Hotel Hazratganj Escorts Service or Hazratganj Call Girls</description>
     <ror:updatePeriod></ror:updatePeriod>
     <ror:sortOrder>1</ror:sortOrder>
     <ror:resourceOf>sitemap</ror:resourceOf>
</item>
<item>
     <link>https://www.mispriyagupta.com/jankipuram-escorts-call-girls-service.html</link>
     <title>Jankipuram Escorts Service | Jankipuram Call Girls | Call Girls in Jankipuram</title>
     <description>Call 8532879600,Hi I am Priya gupta Jankipuram Escorts We are Provide College Girls Escorts in Jankipuram, Or Independent Call Girls in Jankipuram in Hotel Jankipuram Escorts Service or Jankipuram Call Girls</description>
     <ror:updatePeriod></ror:updatePeriod>
     <ror:sortOrder>1</ror:sortOrder>
     <ror:resourceOf>sitemap</ror:resourceOf>
</item>
<item>
     <link>https://www.mispriyagupta.com/lucknow-escorts-hotel.html</link>
     <title> Escorts Service in Lucknow Hotel | Call Girls Service in Lucknow Hotel 8532879600 </title>
     <description>8532879600 Escorts Service in Lucknow Hotel, Call Girls Service in Lucknow hotel are expert professionals and they always take special care of the room where you will be visiting them. </description>
     <ror:updatePeriod></ror:updatePeriod>
     <ror:sortOrder>1</ror:sortOrder>
     <ror:resourceOf>sitemap</ror:resourceOf>
</item>
<item>
     <link>https://www.mispriyagupta.com/about-priya-gupta.html</link>
     <title>Lucknow Escorts Service by Mispriya Gupta </title>
     <description>Call 8532879600,Hire the most hot &amp; sexy Call Girls. If you are finding sexy &amp; sizzling beauty so don’t worry we wil provide you in Lucknow Escorts</description>
     <ror:updatePeriod></ror:updatePeriod>
     <ror:sortOrder>1</ror:sortOrder>
     <ror:resourceOf>sitemap</ror:resourceOf>
</item>
<item>
     <link>https://www.mispriyagupta.com/lucknow-escorts-real-photo.html</link>
     <title>Lucknow Call Girls Real Photo | Lucknow Call Girls Photo </title>
     <description>8532879600 Lucknow Call Girls Real Photo that I have imparted to you're 100% genuine not changed Call Girls, which means that Real escort photos of Desi call girls near me.</description>
     <ror:updatePeriod></ror:updatePeriod>
     <ror:sortOrder>1</ror:sortOrder>
     <ror:resourceOf>sitemap</ror:resourceOf>
</item>
<item>
     <link>https://www.mispriyagupta.com/call-girls-in-bhiwadi-escorts.html</link>
     <title>Call Girls in Bhiwadi 0000000000 Only Cashless Payment Accepted </title>
     <description>Bhiwadi call girls service only accepted cashless payment due to COVID 19 but now our team also accepted hard cash as well .For more info visit 0000000000</description>
     <ror:updatePeriod></ror:updatePeriod>
     <ror:sortOrder>1</ror:sortOrder>
     <ror:resourceOf>sitemap</ror:resourceOf>
</item>
<item>
     <link>https://www.mispriyagupta.com/sitemap.html</link>
     <title>www.mispriyagupta.com Site Map - Generated by www.xml-sitemaps.com</title>
     <description>www.mispriyagupta.com Site Map - Generated by www.xml-sitemaps.com</description>
     <ror:updatePeriod></ror:updatePeriod>
     <ror:sortOrder>1</ror:sortOrder>
     <ror:resourceOf>sitemap</ror:resourceOf>
</item>
<item>
     <link>https://www.mispriyagupta.com/urllist.txt</link>
     <title></title>
     
     <ror:updatePeriod></ror:updatePeriod>
     <ror:sortOrder>1</ror:sortOrder>
     <ror:resourceOf>sitemap</ror:resourceOf>
</item>
<item>
     <link>https://www.mispriyagupta.com/kanpur-road-escorts-call-girl-service.html</link>
     <title>Kanpur Road Escorts Service | Kanpur Road Call Girls | Call Girls in Kanpur Road</title>
     <description>Call 8532879600,Hi I am Priya gupta Kanpur Road Escorts We are Provide College Girls Escorts in Kanpur Road,Or Independent Call Girls in Kanpur Road in Hotel Kanpur Road Escorts Service or Kanpur Road Call Girls</description>
     <ror:updatePeriod></ror:updatePeriod>
     <ror:sortOrder>1</ror:sortOrder>
     <ror:resourceOf>sitemap</ror:resourceOf>
</item>
<item>
     <link>https://www.mispriyagupta.com/singar-nagar-escorts-call-girls-service.html</link>
     <title>Singar Nagar Escorts Service | Singar Nagar Call Girls | Call Girls in Singar Nagar</title>
     <description>Call 8532879600,Hi I am Priya gupta Singar Nagar Escorts We are Provide College Girls Escorts in Singar Nagar, Or Independent Call Girls in Singar Nagar in Hotel Singar Nagar Escorts Service or Singar Nagar Call Girls</description>
     <ror:updatePeriod></ror:updatePeriod>
     <ror:sortOrder>1</ror:sortOrder>
     <ror:resourceOf>sitemap</ror:resourceOf>
</item>
<item>
     <link>https://www.mispriyagupta.com/rajajipuram-escorts-call-girls-service.html</link>
     <title>Rajajipuram Escorts Service | Rajajipuram Call Girls | Call Girls in Rajajipuram </title>
     <description>Call 8532879600,Hi I am Priya gupta Rajajipuram Escorts We are Provide College Girls Escorts in Rajajipuram, Or Independent Call Girls in Rajajipuram in Hotel Rajajipuram Escorts Service or Rajajipuram Call Girls</description>
     <ror:updatePeriod></ror:updatePeriod>
     <ror:sortOrder>1</ror:sortOrder>
     <ror:resourceOf>sitemap</ror:resourceOf>
</item>
<item>
     <link>https://www.mispriyagupta.com/mahanagar-escorts-call-girls-service.html</link>
     <title>Mahanagar Escorts Service | Mahanagar Call Girls | Call Girls in Mahanagar</title>
     <description>Call 8532879600,Hi I am Priya gupta Mahanagar Escorts We are Provide College Girls Escorts in Mahanagar, Or Independent Call Girls in Mahanagar in Hotel Mahanagar Escorts Service or Mahanagar Call Girls</description>
     <ror:updatePeriod></ror:updatePeriod>
     <ror:sortOrder>1</ror:sortOrder>
     <ror:resourceOf>sitemap</ror:resourceOf>
</item>
<item>
     <link>https://www.mispriyagupta.com/sushant-golf-city-escorts-call-girl-service.html</link>
     <title>Sushant Golf City Escorts Service | Sushant Golf City Call Girl | Call Girls in Sushant Golf City</title>
     <description>Call 8532879600,Hi I am Priya gupta Sushant Golf City  Escorts We are Provide College Girls Escorts in Sushant Golf City,Or Independent Call Girls in Sushant Golf City in Hotel Sushant Golf City Escorts Service or Sushant Golf City Call Girls</description>
     <ror:updatePeriod></ror:updatePeriod>
     <ror:sortOrder>1</ror:sortOrder>
     <ror:resourceOf>sitemap</ror:resourceOf>
</item>
<item>
     <link>https://www.mispriyagupta.com/patrakarpuram-escorts-call-girl-service.html</link>
     <title>Patrakarpuram Escorts Service | Patrakarpuram Call Girls | Call Girls in Patrakarpuram</title>
     <description>Call 8532879600,Hi I am Priya gupta Patrakarpuram Escorts We are Provide College Girls Escorts in Patrakarpuram,Or Independent Call Girls in Patrakarpuram in Hotel Patrakarpuram Escorts Service or Patrakarpuram Call Girls</description>
     <ror:updatePeriod></ror:updatePeriod>
     <ror:sortOrder>1</ror:sortOrder>
     <ror:resourceOf>sitemap</ror:resourceOf>
</item>
<item>
     <link>https://www.mispriyagupta.com/transport-nagar-call-girl-service.html</link>
     <title>Transport Nagar Escorts Service | Transport Nagar Call Girls | Call Girls in Transport Nagar Lucknow</title>
     <description>Call 8532879600,Hi I am Priya gupta Transport Nagar  Escorts We are Provide College Girls Escorts in Transport Nagar,Or Independent Call Girls in Transport Nagar in Hotel Transport Nagar Escorts Service or Transport Nagar Call Girls</description>
     <ror:updatePeriod></ror:updatePeriod>
     <ror:sortOrder>1</ror:sortOrder>
     <ror:resourceOf>sitemap</ror:resourceOf>
</item>
<item>
     <link>https://www.mispriyagupta.com/niralal-nagar-escorts-call-girl-service.html</link>
     <title>Nirala Nagar Escorts Service | Nirala Nagar Call Girls | Call Girls in Nirala Nagar</title>
     <description>Call 8532879600,Hi I am Priya gupta Nirala Nagar Escorts We are Provide College Girls Escorts in Nirala Nagar,Or Independent Call Girls in Nirala Nagar in Hotel Nirala Nagar Escorts Service or Nirala Nagar Call Girls</description>
     <ror:updatePeriod></ror:updatePeriod>
     <ror:sortOrder>1</ror:sortOrder>
     <ror:resourceOf>sitemap</ror:resourceOf>
</item>
<item>
     <link>https://www.mispriyagupta.com/vijay-khand-escorts-call-girls-service.html</link>
     <title>Vijay khand Escorts Service | Vijay khand Call Girls | Call Girls in Vijay khand </title>
     <description>Call 8532879600,Hi I am Priya gupta Vijay khand Escorts We are Provide College Girls Escorts in Vijay khand, Or Independent Call Girls in Vijay khand in Hotel Vijay khand Escorts Service or Vijay khand Call Girls</description>
     <ror:updatePeriod></ror:updatePeriod>
     <ror:sortOrder>1</ror:sortOrder>
     <ror:resourceOf>sitemap</ror:resourceOf>
</item>
<item>
     <link>https://www.mispriyagupta.com/vishwas-khand-escorts-call-girls-service.html</link>
     <title>Vishwas khand Escorts Service | Vishwas khand Call Girls | Call Girls in Vishwas khand </title>
     <description>Call 8532879600,Hi I am Priya gupta Vishwas khand Escorts We are Provide College Girls Escorts in Vishwas khand, Or Independent Call Girls in Vishwas khand in Hotel Vishwas khand Escorts Service or Vishwas khand Call Girls</description>
     <ror:updatePeriod></ror:updatePeriod>
     <ror:sortOrder>1</ror:sortOrder>
     <ror:resourceOf>sitemap</ror:resourceOf>
</item>
<item>
     <link>https://www.mispriyagupta.com/vineet-khand-escorts-call-girl-service.html</link>
     <title>vineet khand Escorts Service | vineet khand Call Girls | Call Girls in vineet khand</title>
     <description>Call 8532879600,Hi I am Priya gupta vineet khand  Escorts We are Provide College Girls Escorts in vineet khand,Or Independent Call Girls in vineet khand in Hotel vineet khand Escorts Service or vineet khand Call Girls</description>
     <ror:updatePeriod></ror:updatePeriod>
     <ror:sortOrder>1</ror:sortOrder>
     <ror:resourceOf>sitemap</ror:resourceOf>
</item>
<item>
     <link>https://www.mispriyagupta.com/housewife-escorts-call-girl-in-lucknow.html</link>
     <title>Housewife Escorts in Lucknow, Housewife Call Girls in Lucknow </title>
     <description>Call 8532879600,Hi I am Priya gupta Lucknow Escorts We are Provide Housewife Escorts in Lucknow,Or Independent Housewife Call Girls in Lucknow in Five Star Hotel</description>
     <ror:updatePeriod></ror:updatePeriod>
     <ror:sortOrder>1</ror:sortOrder>
     <ror:resourceOf>sitemap</ror:resourceOf>
</item>
<item>
     <link>https://www.mispriyagupta.com/russian-escorts-call-girl-in-lucknow.html</link>
     <title>Russian Escorts in Lucknow, Russian Call Girls in Lucknow </title>
     <description>Call 8532879600,Hi I am Priya gupta Lucknow Escorts We are Provide Russian Escorts in Lucknow,Or Independent Russian Call Girls in Lucknow in Five Star Hotel</description>
     <ror:updatePeriod></ror:updatePeriod>
     <ror:sortOrder>1</ror:sortOrder>
     <ror:resourceOf>sitemap</ror:resourceOf>
</item>
<item>
     <link>https://www.mispriyagupta.com/model-lucknow-escorts.html</link>
     <title>Model Escorts in Lucknow, Model Call Girls in Lucknow</title>
     <description>Call 8532879600,Hi I am Priya gupta Lucknow Escorts We are Provide Model Escorts in Lucknow,Or Independent Model Call Girls in Lucknow in Five Star Hotel</description>
     <ror:updatePeriod></ror:updatePeriod>
     <ror:sortOrder>1</ror:sortOrder>
     <ror:resourceOf>sitemap</ror:resourceOf>
</item>
<item>
     <link>https://www.mispriyagupta.com/mussoorie-call-girls.html</link>
     <title>Call Girls in Mussoorie 8532879600 Only Cashless Payment Accepted </title>
     <description>Mussoorie call girls service only accepted cashless payment due to COVID 19 but now our team also accepted hard cash as well .For more info visit 8532879600</description>
     <ror:updatePeriod></ror:updatePeriod>
     <ror:sortOrder>2</ror:sortOrder>
     <ror:resourceOf>sitemap</ror:resourceOf>
</item>
<item>
     <link>https://www.mispriyagupta.com/aashiyana-escorts-call-girl-service.html</link>
     <title>Aashiyana Escorts Service | Aashiyana Call Girls | Call Girls in Aashiyana </title>
     <description>Call 8532879600,Hi I am Priya gupta Aashiyana Escorts We are Provide College Girls Escorts in Aashiyana, Or Independent Call Girls in Aashiyana in Hotel Aashiyana Escorts Service or Aashiyana Call Girls</description>
     <ror:updatePeriod></ror:updatePeriod>
     <ror:sortOrder>2</ror:sortOrder>
     <ror:resourceOf>sitemap</ror:resourceOf>
</item>
<item>
     <link>https://www.mispriyagupta.com/amausi-escorts-call-girl-service.html</link>
     <title>Amausi Escorts Service | escort service near airport Lucknow | Call Girls in Amausi</title>
     <description>Call 8532879600,Hi I am Priya gupta escort service near airport Lucknow Amausi  Escorts We are Provide College Girls Escorts in Amausi,Or Independent Call Girls in airport near Lucknow in Hotel Amausi Escorts Service or Amausi Call Girls</description>
     <ror:updatePeriod></ror:updatePeriod>
     <ror:sortOrder>2</ror:sortOrder>
     <ror:resourceOf>sitemap</ror:resourceOf>
</item>
<item>
     <link>https://www.mispriyagupta.com/badshah-nagar-escorts-call-girls-service.html</link>
     <title>Badshah Nagar Escorts Service | Badshah Nagar Call Girls | Call Girls in Badshah Nagar</title>
     <description>Call 8532879600,Hi I am Priya gupta Badshah Nagar  Escorts We are Provide College Girls Escorts in Badshah Nagar,Or Independent Call Girls in Badshah Nagar in Hotel Badshah Nagar Escorts Service or Badshah Nagar Call Girls</description>
     <ror:updatePeriod></ror:updatePeriod>
     <ror:sortOrder>2</ror:sortOrder>
     <ror:resourceOf>sitemap</ror:resourceOf>
</item>
<item>
     <link>https://www.mispriyagupta.com/banjara-hills-call-girls.html</link>
     <title>Call Girls in Banjara Hills 8532879600 Only Cashless Payment Accepted </title>
     <description>Banjara Hills call girls service only accepted cashless payment due to COVID 19 but now our team also accepted hard cash as well .For more info visit 8532879600</description>
     <ror:updatePeriod></ror:updatePeriod>
     <ror:sortOrder>2</ror:sortOrder>
     <ror:resourceOf>sitemap</ror:resourceOf>
</item>
<item>
     <link>https://www.mispriyagupta.com/call-girl-in-near-the-grand-jbr-hotel-lucknow.html</link>
     <title>Call Girl in The Grand JBR lucknow Hotel | Escorts Service in The Grand JBR Lucknow Hotel </title>
     <description>Call 8532879600,Call Girl in The Grand JBR lucknow Hotel Low Price or Escorts Service in The Grand JBR Lucknow Hotel five star hotel</description>
     <ror:updatePeriod></ror:updatePeriod>
     <ror:sortOrder>2</ror:sortOrder>
     <ror:resourceOf>sitemap</ror:resourceOf>
</item>
<item>
     <link>https://www.mispriyagupta.com/call-girl-in-near-fortune-hotel-lucknow.html</link>
     <title>Lucknow Escorts in Hotel | Call Girls Service in Lucknow Hotel | Escorts Service in Lucknow Hotel </title>
     <description>Call 8532879600,Lucknow Escorts We are Provide Escorts Service in Lucknow Hotel Low Price or Call Girls in Lucknow Hotel Lucknow Escorts In Hotel</description>
     <ror:updatePeriod></ror:updatePeriod>
     <ror:sortOrder>2</ror:sortOrder>
     <ror:resourceOf>sitemap</ror:resourceOf>
</item>
<item>
     <link>https://www.mispriyagupta.com/call-girl-in-near-ranbirs-hotel-lucknow.html</link>
     <title>Lucknow Escorts in Hotel | Call Girls Service in Lucknow Hotel | Escorts Service in Lucknow Hotel </title>
     <description>Call 8532879600,Lucknow Escorts We are Provide Escorts Service in Lucknow Hotel Low Price or Call Girls in Lucknow Hotel Lucknow Escorts In Hotel</description>
     <ror:updatePeriod></ror:updatePeriod>
     <ror:sortOrder>2</ror:sortOrder>
     <ror:resourceOf>sitemap</ror:resourceOf>
</item>
</channel>
</rss>
  